﻿student_id,attendance_date,status
1,2025-01-10,Present
1,2025-01-11,Present
1,2025-01-12,Absent
2,2025-01-10,Present
2,2025-01-11,Present
2,2025-01-12,Present
3,2025-01-10,Absent
3,2025-01-11,Present
3,2025-01-12,Present
4,2025-01-10,Present
4,2025-01-11,Absent
4,2025-01-12,Present
5,2025-01-10,Present
5,2025-01-11,Present
5,2025-01-12,Present
6,2025-01-10,Absent
6,2025-01-11,Present
6,2025-01-12,Present
7,2025-01-10,Present
7,2025-01-11,Present
7,2025-01-12,Absent
8,2025-01-10,Present
8,2025-01-11,Absent
8,2025-01-12,Present
9,2025-01-10,Present
9,2025-01-11,Present
9,2025-01-12,Absent
10,2025-01-10,Present
10,2025-01-11,Present
10,2025-01-12,Present
